{"square": {"sample_size": {"mean": [1.5, 1.25, 1.8333333333333333, 2.0, 2.25, 1.9166666666666667, 2.4166666666666665, 2.3333333333333335, 2.0, 2.0, 2.0, 2.25], "low": [0.75, 0.4166666666666667, 0.9166666666666666, 1.25, 1.4166666666666667, 1.0, 1.5833333333333333, 1.4166666666666667, 1.0, 1.3333333333333333, 1.1666666666666667, 1.5833333333333333], "high": [2.25, 2.25, 2.75, 2.75, 3.0833333333333335, 2.9166666666666665, 3.25, 3.25, 2.9166666666666665, 2.75, 2.8333333333333335, 2.9166666666666665]}, "loss": {"mean": [0.9607598507588693, 0.9907088740128603, 1.0080193346663504, 0.9825237859213815, 0.977257429848569, 0.9225482564800759, 1.0008142909354745, 0.9701710702568034, 0.9765142202726265, 0.8253506444989516, 0.8832808156069492, 0.9348328088474689], "low": [0.942684089829446, 0.9666750836283893, 0.9925538759027255, 0.9486219512332852, 0.960812126389353, 0.8665258568147107, 0.9860383282598363, 0.9384639007642693, 0.9435663674457304, 0.7677862263568662, 0.8343179908280719, 0.910673912919887], "high": [0.9871170290475696, 1.0120743435736184, 1.0221752828212574, 1.0109839760757715, 0.9959686090652637, 0.9806484491663795, 1.0177451299621338, 1.001562187966731, 1.0094620730995225, 0.9148467043492741, 0.9514796171409422, 0.9725972505111458]}}, "onehot": {"sample_size": {"mean": [0.8333333333333334, 0.6666666666666666, 1.5833333333333333, 1.25, 1.6666666666666667, 0.9166666666666666, 2.25, 2.0, 1.5, 1.75, 1.6666666666666667, 1.3333333333333333], "low": [0.25, 0.16666666666666666, 0.8333333333333334, 0.4166666666666667, 0.8333333333333334, 0.5, 1.4166666666666667, 1.0, 0.6666666666666666, 0.75, 0.9166666666666666, 0.5833333333333334], "high": [1.5, 1.25, 2.3333333333333335, 2.1666666666666665, 2.5833333333333335, 1.4166666666666667, 3.1666666666666665, 3.0, 2.4166666666666665, 2.8333333333333335, 2.4166666666666665, 2.0833333333333335]}, "loss": {"mean": [0.9357401166562183, 0.9116220665270903, 0.9918930960293453, 0.8875610716906909, 0.7729276810447366, 0.8099052731764506, 0.8285936933999173, 0.8638024527053945, 0.8781396025438643, 0.9214136664124893, 1.0098552871104118, 0.9731122557453012], "low": [0.8349551210593175, 0.8363460704385751, 0.9554434093429117, 0.7661845467871332, 0.6606549284974926, 0.747854806554121, 0.7511639182325472, 0.6653289315912344, 0.8197694638680989, 0.7937263621647309, 0.9830640140320621, 0.9354618102602366], "high": [1.028372358226576, 0.9793474151381624, 1.0307984154262342, 1.009738323952731, 0.9102004555565252, 0.9120384211004631, 0.9214123489628949, 1.0154658248364865, 0.9510413616202825, 1.022617783730445, 1.037212294231174, 1.0115278247727666]}}, "linear": {"sample_size": {"mean": [2.0833333333333335, 2.0, 2.0833333333333335, 2.1666666666666665, 1.1666666666666667, 1.3333333333333333, 1.9166666666666667, 2.4166666666666665, 2.25, 2.0833333333333335, 1.4166666666666667, 1.5833333333333333], "low": [1.1666666666666667, 1.0, 1.25, 1.25, 0.3333333333333333, 0.5833333333333334, 1.1666666666666667, 1.5833333333333333, 1.25, 1.0833333333333333, 0.5, 0.8333333333333334], "high": [2.9166666666666665, 2.9166666666666665, 3.0, 3.0833333333333335, 2.0, 2.1666666666666665, 2.6666666666666665, 3.1666666666666665, 3.25, 3.0, 2.3333333333333335, 2.4166666666666665]}, "loss": {"mean": [0.9751383618913085, 0.8449610831408855, 0.9618354483396636, 0.9815281140813404, 0.9360889285602582, 1.0016830313019227, 0.954307281341071, 0.8397750935637763, 0.9556892015269352, 0.9540626984788547, 0.9420132004789392, 0.8196505643214665], "low": [0.9447335244748217, 0.7797214481340544, 0.9260157014890638, 0.9311259060025622, 0.9082399641400141, 0.9722058026939353, 0.858806415449145, 0.7799567116832478, 0.9193388705490652, 0.9222817836088113, 0.857273464944093, 0.7404550976840631], "high": [1.0013392610581304, 0.9285113904344249, 0.9976551951902636, 1.0166722052616226, 0.9748249584828743, 1.0311602599099103, 1.019885574807225, 0.9288445505333165, 0.9992231611340012, 0.9858547224987086, 1.0041569292652561, 0.9246484069290839]}}, "sparse": {"sample_size": {"mean": [1.0, 0.8333333333333334, 1.9166666666666667, 0.9166666666666666, 0.75, 1.5, 1.5833333333333333, 1.5833333333333333, 1.6666666666666667, 1.3333333333333333, 1.8333333333333333, 1.5], "low": [0.3333333333333333, 0.25, 1.0, 0.4166666666666667, 0.16666666666666666, 0.6666666666666666, 0.75, 0.8333333333333334, 0.8333333333333334, 0.6666666666666666, 1.0, 0.6666666666666666], "high": [1.8333333333333333, 1.5833333333333333, 2.8333333333333335, 1.5, 1.5, 2.5, 2.5, 2.4166666666666665, 2.5, 2.0833333333333335, 2.6666666666666665, 2.25]}, "loss": {"mean": [0.9891777796779184, 0.9613185460093583, 0.9656227222638039, 1.0142626673126218, 1.0120945464524322, 0.9528616349779557, 0.8971074147621346, 1.000135017026585, 0.9897924589108948, 0.9596787741453886, 0.998647692329461, 1.0043417018095697], "low": [0.9744313911728899, 0.9443536113192963, 0.9462169051601229, 0.9960588456280135, 0.9875215986996093, 0.9359435604346296, 0.8648329954497642, 0.9840457683164173, 0.9758390193350539, 0.9348919472501193, 0.9856716379322471, 0.97913505958229], "high": [1.0042661644733584, 0.9867603833700626, 0.9893650987177727, 1.0324664889972301, 1.0348366603574624, 0.9818297710417264, 0.9548391137229683, 1.0158789349157717, 1.006397218299218, 0.9857701694476916, 1.0104878283786047, 1.0268191037146486]}}}