{"square": {"sample_size": {"mean": [1.25, 1.1666666666666667, 2.0833333333333335, 1.5, 2.0, 2.4166666666666665, 2.0, 1.75, 1.75, 1.8333333333333333, 2.6666666666666665, 2.25], "low": [0.5, 0.5, 1.4166666666666667, 0.6666666666666666, 1.25, 1.5, 1.0833333333333333, 1.0, 0.9166666666666666, 1.0, 2.0, 1.4166666666666667], "high": [2.1666666666666665, 1.8333333333333333, 2.75, 2.3333333333333335, 2.6666666666666665, 3.3333333333333335, 2.9166666666666665, 2.5, 2.6666666666666665, 2.75, 3.25, 3.1666666666666665]}, "loss": {"mean": [0.8933351459336876, 0.9484418515891859, 0.8248466491552181, 0.9962072213662811, 0.9011123668568641, 0.8696731132719201, 0.8739749359871402, 0.9769707125652081, 0.9020253151335034, 0.9512824961055291, 0.9917939657319309, 1.001217898188656], "low": [0.8269509102386967, 0.8892733479030538, 0.7663232467036947, 0.9716316513132858, 0.858818440774917, 0.6565952803733544, 0.8169103941189633, 0.9279854410700803, 0.860801056647188, 0.927204949941291, 0.9658518542246514, 0.9718749079446395], "high": [0.9671736793856681, 1.0048353865876725, 0.9237974674872893, 1.0170923663877207, 0.9596042520556839, 1.012163793550872, 0.9490612631464252, 1.0247780052983715, 0.9612258503462447, 0.985451323803573, 1.0098746831456955, 1.0305608884326722]}}, "onehot": {"sample_size": {"mean": [1.0, 1.3333333333333333, 0.8333333333333334, 1.0, 1.25, 1.9166666666666667, 1.4166666666666667, 1.5833333333333333, 1.1666666666666667, 1.5, 1.1666666666666667, 1.5], "low": [0.3333333333333333, 0.5833333333333334, 0.3333333333333333, 0.3333333333333333, 0.6666666666666666, 1.0, 0.6666666666666666, 0.75, 0.4166666666666667, 0.6666666666666666, 0.3333333333333333, 0.75], "high": [1.75, 2.1666666666666665, 1.4166666666666667, 1.75, 1.8333333333333333, 2.8333333333333335, 2.25, 2.4166666666666665, 2.0833333333333335, 2.5, 2.0833333333333335, 2.4166666666666665]}, "loss": {"mean": [0.9194551798009636, 0.9340940986590187, 0.9142586084490786, 0.9496320419581343, 0.8943716582334282, 0.8192013038300061, 0.9620073646205383, 0.8165812952330398, 0.8559657933004244, 0.8251241525737036, 0.9008271093681086, 0.9488657352093142], "low": [0.8776364462102165, 0.8673660086103807, 0.8477633222914361, 0.9065206745536335, 0.8286368312708756, 0.7635929316418828, 0.916093671734339, 0.6147623379971412, 0.7891454906353002, 0.5919774910209762, 0.8481632581371141, 0.8681120010251812], "high": [0.9733075156688284, 1.005559547677283, 0.9807538946067211, 0.9927434093626353, 0.9677029148010489, 0.9167401687568235, 1.0079210575067377, 0.9814047974345487, 0.9272973925019532, 0.9929047856851909, 0.9583959790539881, 1.01081443846841]}}, "linear": {"sample_size": {"mean": [1.9166666666666667, 1.6666666666666667, 1.5833333333333333, 0.6666666666666666, 1.1666666666666667, 1.5833333333333333, 2.3333333333333335, 1.8333333333333333, 1.9166666666666667, 1.5833333333333333, 1.5, 2.0833333333333335], "low": [1.0833333333333333, 0.9166666666666666, 0.6666666666666666, 0.16666666666666666, 0.5, 0.75, 1.4166666666666667, 0.9166666666666666, 1.0833333333333333, 0.8333333333333334, 0.5833333333333334, 1.25], "high": [2.75, 2.4166666666666665, 2.5833333333333335, 1.4166666666666667, 2.0, 2.4166666666666665, 3.1666666666666665, 2.75, 2.8333333333333335, 2.3333333333333335, 2.4166666666666665, 2.9166666666666665]}, "loss": {"mean": [0.9300604728541393, 0.9279287589020825, 0.9016824770384902, 0.9319788823951844, 0.8871367584449692, 0.9284655816899609, 0.8379731897905026, 0.9557291345568283, 0.917485417112568, 0.8081739842619242, 0.7377406396439679, 0.7384058609292569], "low": [0.8784379254503685, 0.8148344175679497, 0.8069931805502492, 0.8379775063525747, 0.7692646930924666, 0.8492363309822111, 0.7414822071564992, 0.8868391998013987, 0.8438969451218672, 0.7091155057446673, 0.5126001199588212, 0.5808696844231014], "high": [0.9816830202579101, 1.007135683743601, 0.9887660270057198, 0.9939274731221828, 0.9937355084425222, 1.0076948323977106, 0.9477754326815825, 1.012996632724294, 0.9871154105431887, 0.9101319421144709, 0.9447154782202573, 0.8949359111244244]}}, "sparse": {"sample_size": {"mean": [0.9166666666666666, 2.1666666666666665, 1.5, 1.25, 0.6666666666666666, 1.0, 1.1666666666666667, 2.5, 1.0833333333333333, 1.25, 1.5, 1.0], "low": [0.4166666666666667, 1.4166666666666667, 0.6666666666666666, 0.4166666666666667, 0.16666666666666666, 0.4166666666666667, 0.6666666666666666, 1.75, 0.4166666666666667, 0.4166666666666667, 0.75, 0.4166666666666667], "high": [1.5833333333333333, 2.9166666666666665, 2.4166666666666665, 2.1666666666666665, 1.4166666666666667, 1.75, 1.6666666666666667, 3.1666666666666665, 1.8333333333333333, 2.0833333333333335, 2.3333333333333335, 1.6666666666666667]}, "loss": {"mean": [0.9761043132554752, 0.9194588493681545, 0.8986211416199398, 0.9812085770207156, 1.012295632439674, 0.9216413495864323, 0.9823490969190635, 0.8710599724124256, 0.8826547707810285, 0.971782594060613, 0.9291398345879969, 0.9857699983151729], "low": [0.9289432851472441, 0.8810503553101942, 0.8600743789459365, 0.9327555215100668, 0.9988824313326766, 0.8683389619340265, 0.9536872211394776, 0.819988628961228, 0.837082151034139, 0.8746386808069838, 0.7900730348188028, 0.9204600854040844], "high": [1.0232653413637063, 0.9670803717256058, 0.9567128948314634, 1.0246267830443383, 1.0287933881642357, 0.9741967497832092, 1.0108600089097404, 0.9444921074980595, 0.9478444212286409, 1.0294967028227913, 1.021743430966538, 1.0358692986818374]}}}